Garlic And Herb Cream Cheese,28
Purple Sprouting Broccoli,25
Blackcurrant Juice Drink,24
Swiss Rolls And Roulades,24
Jersey Royal Potatoes,21
Portobello Mushrooms,20
Scotch Bonnet Chilli,20
Spring Roll Wrappers,20
Vegetable Shortening,20
Worcestershire Sauce,20
Bicarbonate Of Soda,19
Bird'S-Eye Chillies,19
Jerusalem Artichoke,19
Passion Fruit Juice,19
Black Sesame Seeds,18
Butterhead Lettuce,18
Coconut,7
Herbes De Provence,18
Little Gem Lettuce,18
Malted Grain Bread,18
Pumpernickel Bread,18
Self-Raising Flour,18
Strong White Flour,18
Vegetarian Sausage,18
White Wine Vinegar,18
Wholegrain Mustard,18
Angostura Bitters,17
Buttercream Icing,17
Digestive Biscuit,17
Double Gloucester,17
Dried Mixed Fruit,17
Five-Spice Powder,17
Habañero Chillies,17
Hollandaise Sauce,17
Horseradish Sauce,17
Mixed Dried Beans,17
Pomegranate Juice,17
Shiitake Mushroom,17
Shortcrust Pastry,17
Acidulated Water,16
Balsamic Vinegar,16
Black Eyed Beans,16
Brussels Sprouts,16
Butternut Squash,16
Demi-Glace Sauce,16
Dim Sum Wrappers,16
Fondant Potatoes,16
Grapefruit Juice,16
Japanese Pumpkin,16
Oyster Mushrooms,16
Preserved Lemons,16
Ratafia Biscuits,16
Red Wine Vinegar,16
Redcurrant Jelly,16
Spaghetti Squash,16
Alfalfa Sprouts,15
Anchovy Essence,15
Arbroath Smokie,15
Blackbean Sauce,15
Buckwheat Flour,15
English Mustard,15
Evaporated Milk,15
Flageolet Beans,15
French Dressing,15
Fresh Coriander,15
Globe Artichoke,15
Halloumi Cheese,15
Iceberg Lettuce,15
Juniper Berries,15
Long-Grain Rice,15
Pineapple Juice,15
Pink Peppercorn,15
Smoked Mackerel,15
Sourdough Bread,15
Sugar-Snap Peas,15
Turkish Delight,15
Vanilla Essence,15
Vanilla Extract,15
Vegetable Stock,15
Whisky Cocktail,15
White Chocolate,15
Wholemeal Bread,15
Wholemeal Flour,15
Almond Essence,14
Almond Extract,14
Barbecue Sauce,14
Béchamel Sauce,14
Borlotti Beans,14
Braising Steak,14
Dark Chocolate,14
Demerara Sugar,14
Dried Apricots,14
Dried Cherries,14
Dulce De Leche,14
English Muffin,14
Field Mushroom,14
Fillet Of Beef,14
Flaked Almonds,14
Flour Tortilla,14
Fontina Cheese,14
Food Colouring,14
Forced Rhubarb,14
Fortified Wine,14
Ginger Biscuit,14
Glacé Cherries,14
Gravy Browning,14
Ground Almonds,14
Herbal Liqueur,14
Hot Cross Buns,14
Hunza Apricots,14
Jerk Seasoning,14
Lasagne Sheets,14
Marrowfat Peas,14
Milk Chocolate,14
Mustard Leaves,14
Mustard Powder,14
Nibbed Almonds,14
Orange Liqueur,14
Pink Fir Apple,14
Pork Spare Rib,14
Prawn Crackers,14
Roast Potatoes,14
Root Vegetable,14
Seville Orange,14
Sherry Vinegar,14
Sichuan Pepper,14
Smoked Haddock,14
Sparkling Wine,14
Straw Mushroom,14
Strawberry Jam,14
Strega Liqueur,14
Summer Cabbage,14
Sunflower Seed,14
Teriyaki Sauce,14
Tomato Chutney,14
Vodka Cocktail,14
Water Chestnut,14
Whipping Cream,14
Wild Mushrooms,14
Apple Chutney,13
Baking Powder,13
Bamboo Shoots,13
Beef Consommé,13
Beef Dripping,13
Black Pudding,13
Black Treacle,13
Bouquet Garni,13
Bramley Apple,13
Brandy Butter,13
Dijon Mustard,13
Floury Potato,13
Fondant Icing,13
Fragrant Rice,13
Fromage Frais,13
Goats' Cheese,13
Grapeseed Oil,13
Green Cabbage,13
Ground Ginger,13
Haricot Beans,13
Lamb Shoulder,13
Mango Chutney,13
Mashed Potato,13
Mixed Berries,13
Mustard Cress,13
Mustard Seeds,13
Pandan Leaves,13
Passion Fruit,13
Peanut Butter,13
Pickled Onion,13
Pork Sausages,13
Pork Shoulder,13
Potato Wedges,13
Quatre-Épices,13
Rainbow Chard,13
Rainbow Trout,13
Ras-El-Hanout,13
Raspberry Jam,13
Red Leicester,13
Roast Chicken,13
Safflower Oil,13
Savoy Cabbage,13
Smoked Cheese,13
Smoked Salmon,13
Spring Greens,13
Sunflower Oil,13
Tartare Sauce,13
Turkey Breast,13
Vegetable Oil,13
Webbs Lettuce,13
White Cabbage,13
Yellow Lentil,13
Acorn Squash,12
Arborio Rice,12
Banana Bread,12
Barbary Duck,12
Basmati Rice,12
Beef Sausage,12
Betel Leaves,12
Beurre Manié,12
Black Pepper,12
Blackcurrant,12
Blood Orange,12
Brandy Snaps,12
Brown Lentil,12
Shrimp,6
Bulgur Wheat,12
Butter Beans,12
Double Cream,12
Dragon Fruit,12
Dried Chilli,12
Elderberries,12
Exotic Fruit,12
Fennel Seeds,12
Flaky Pastry,12
Fleur De Sel,12
French Beans,12
French Bread,12
Fruit Brandy,12
Garam Masala,12
Garlic Bread,12
Golden Syrup,12
Green Banana,12
Green Lentil,12
Hazelnut Oil,12
Hoisin Sauce,12
Ketjap Manis,12
Kidney Beans,12
Lime Cordial,12
Madeira Cake,12
Mango Pickle,12
Marsala Wine,12
Mixed Spices,12
New Potatoes,12
Orange Juice,12
Oyster Sauce,12
Pearl Barley,12
Potato Rösti,12
Pudding Rice,12
Pumpkin Seed,12
Rack Of Lamb,12
Rapeseed Oil,12
Rice Noodles,12
Rice Pudding,12
Rice Vinegar,12
Risotto Rice,12
Roast Turkey,12
Runner Beans,12
Salad Leaves,12
Sesame Seeds,12
Sharon Fruit,12
Single Cream,12
Smoked Trout,12
Soba Noodles,12
Soured Cream,12
Spring Onion,12
Stewing Lamb,12
String Beans,12
Summer Fruit,12
Sweet Potato,12
Sweet Sherry,12
T-Bone Steak,12
Tomato Juice,12
Tomato Purée,12
Turkey Mince,12
White Pepper,12
Whitecurrant,12
Apple Juice,11
Apple Sauce,11
Apricot Jam,11
Baked Beans,11
Bay Boletes,11
Beansprouts,11
Beef Tomato,11
Black Beans,11
Black Bream,11
Breadcrumbs,11
Breadsticks,11
Broad Beans,11
Brown Bread,11
Brown Sauce,11
Brown Sugar,11
Danish Blue,11
Dried Fruit,11
Duck Confit,11
Egg Liqueur,11
Elderflower,11
Filo Pastry,11
Flying Fish,11
Frankfurter,11
Fruit Juice,11
Fruit Salad,11
Ginger Beer,11
Gingerbread,11
Goats' Milk,11
Grape Juice,11
Green Beans,11
Grey Mullet,11
Guinea Fowl,11
Horseradish,11
Icing Sugar,11
Irish Stout,11
King Edward,11
Lamb Breast,11
Lamb Fillet,11
Lamb Kidney,11
Langoustine,11
Leg Of Lamb,11
Lemon Juice,11
Lime Leaves,11
Lime Pickle,11
Mango Juice,11
Maple Syrup,11
Marshmallow,11
Melon Seeds,11
Mixed Spice,11
Mulled Wine,11
Mustard Oil,11
Noodle Soup,11
Pappardelle,11
Pigeon Peas,11
Pinto Beans,11
Pitta Bread,11
Plain Flour,11
Pomegranate,11
Poppy Seeds,11
Pork Fillet,11
Prune Juice,11
Puff Pastry,11
Puy Lentils,11
Quail'S Egg,11
Ratatouille,11
Red Cabbage,11
Red Snapper,11
Rib Of Beef,11
Rock Salmon,11
Royal Icing,11
Salad Cream,11
Serrano Ham,11
Smoked Fish,11
Spelt Flour,11
Sponge Cake,11
Stem Ginger,11
Swiss Chard,11
Tagliatelle,11
Tinned Tuna,11
Truffle Oil,11
Vanilla Pod,11
Vine Leaves,11
Waxy Potato,11
Wensleydale,11
White Bread,11
Wild Garlic,11
Wood Pigeon,11
Asafoetida,10
Beef Mince,10
Beef Stock,10
Bilberries,10
Blackberry,10
Brazil Nut,10
Bread Roll,10
Breadfruit,10
Brown Rice,10
Buttermilk,10
Dolcelatte,10
Dover Sole,10
Dry Sherry,10
Fettuccine,10
Fish Sauce,10
Frangipane,10
Fresh Tuna,10
Fruit Cake,10
Ginger Ale,10
Gooseberry,10
Gorgonzola,10
Grapefruit,10
Greengages,10
Herbal Tea,10
Kiwi Fruit,10
Lamb Mince,10
Lamb Shank,10
Lamb Stock,10
Lancashire,10
Laverbread,10
Lemon Balm,10
Lemon Curd,10
Lemon Sole,10
Lemongrass,10
Lime Juice,10
Loganberry,10
Madeleines,10
Mangosteen,10
Mascarpone,10
Mayonnaise,10
Mince Pies,10
Mint Sauce,10
Mixed Fish,10
Mixed Nuts,10
Mortadella,10
Mozzarella,10
Mung Beans,10
Naan Bread,10
Nasturtium,10
Palm Sugar,10
Pea Shoots,10
Peanut Oil,10
Peppercorn,10
Piccalilli,10
Pig Cheeks,10
Pork Belly,10
Pork Mince,10
Prosciutto,10
Red Lentil,10
Red Mullet,10
Redcurrant,10
Rice Flour,10
Roast Beef,10
Roast Lamb,10
Roast Pork,10
Sesame Oil,10
Shortbread,10
Silverside,10
Soda Bread,10
Soya Beans,10
Soya Flour,10
Split Peas,10
Star Anise,10
Strawberry,10
Sushi Rice,10
Sweetbread,10
Thai Basil,10
Tortellini,10
Vegetables,10
Vermicelli,10
Walnut Oil,10
Watercress,10
Watermelon,10
White Fish,10
White Wine,10
Agar-Agar,9
Anchovies,9
Argan Oil,9
Arrowroot,9
Artichoke,9
Asparagus,9
Aubergine,9
Beef Rump,9
Blueberry,9
Bratwurst,9
Buckwheat,9
Dandelion,9
Dumplings,9
Egg White,9
Fenugreek,9
Flapjacks,9
Flatbread,9
Foie Gras,9
Goose Fat,9
Green Tea,9
Guacamole,9
Honeycomb,9
Ice Cream,9
John Dory,9
Lamb Chop,9
Lamb Loin,9
Lamb Neck,9
Lamb Rump,9
Liquorice,9
Loaf Cake,9
Macadamia,9
Mangetout,9
Margarine,9
Marmalade,9
Milkshake,9
Mincemeat,9
Nectarine,9
Oily Fish,9
Olive Oil,9
Panettone,9
Partridge,9
Pepperoni,9
Pineapple,9
Piri-Piri,9
Pistachio,9
Pork Chop,9
Pork Loin,9
Preserves,9
Radicchio,9
Raspberry,9
Red Onion,9
Rice Wine,9
Rock Salt,9
Root Beer,9
Roquefort,9
Rose Wine,9
Rosewater,9
Rye Bread,9
Rye Flour,9
Salt Beef,9
Saucisson,9
Sea Bream,9
Sea Trout,9
Seasoning,9
Shellfish,9
Soy Sauce,9
Soya Milk,9
Spaghetti,9
Starfruit,9
Sweetcorn,9
Swordfish,9
Tamarillo,9
Tangerine,9
Wheatgerm,9
Whitebait,9
Wild Duck,9
Wild Rice,9
Allspice,8
Amaranth,8
Amaretti,8
Angelica,8
Baguette,8
Bay Leaf,8
Beetroot,8
Best End,8
Biscotti,8
Biscuits,8
Bok Choi,8
Bresaola,8
Broccoli,8
Duck Fat,8
Egg Wash,8
Egg Yolk,8
Emmental,8
Escalope,8
Farfalle,8
Fish Roe,8
Flatfish,8
Focaccia,8
Galangal,8
Gelatine,8
Hazelnut,8
Kohlrabi,8
Lemonade,8
Linguine,8
Macaroni,8
Macaroon,8
Mackerel,8
Manchego,8
Mandarin,8
Marjoram,8
Marzipan,8
Meringue,8
Mirepoix,8
Molasses,8
Monkfish,8
Mushroom,8
Oatcakes,8
Pak Choi,8
Pancakes,8
Pancetta,8
Parmesan,8
Pastrami,8
Pecorino,8
Pheasant,8
Pine Nut,8
Plantain,8
Pork Leg,8
Red Rice,8
Red Wine,8
Rigatoni,8
Rosemary,8
Salt Cod,8
Samphire,8
Sea Bass,8
Sea Salt,8
Semolina,8
Sloe Gin,8
Soya Oil,8
Stuffing,8
Sultanas,8
Taleggio,8
Tamarind,8
Tapenade,8
Tarragon,8
Tayberry,8
Teriyaki,8
Turmeric,8
Vacherin,8
Vermouth,8
Apricot,7
Avocado,7
Blachan,7
Brioche,7
Brisket,7
Damsons,7
Desirée,7
Fusilli,7
Gherkin,7
Giblets,7
Glucose,7
Gnocchi,7
Gruyère,7
Gurnard,7
Haddock,7
Halibut,7
Harissa,7
Herring,7
Jaggery,7
Ketchup,7
Kumquat,7
Lardons,7
Lasagne,7
Lentils,7
Lettuce,7
Liqueur,7
Lobster,7
Madeira,7
Medlars,7
Mesclun,7
Muffins,7
Mussels,7
Mustard,7
Noodles,7
Oatmeal,7
Octopus,7
Oregano,7
Paprika,7
Parfait,7
Parsley,7
Parsnip,7
Passata,7
Paw-Paw,7
Peanuts,7
Polenta,7
Pollack,7
Pollock,7
Popcorn,7
Porcini,7
Poultry,7
Poussin,7
Praline,7
Pumpkin,7
Raisins,7
Rhubarb,7
Ricotta,7
Rouille,7
Saffron,7
Salsify,7
Sambuca,7
Sardine,7
Satsuma,7
Sausage,7
Scallop,7
Seafood,7
Seaweed,7
Shallot,7
Sirloin,7
Snapper,7
Soufflé,7
Spinach,7
Stilton,7
Tabasco,7
Tapioca,7
Tequila,7
Terrine,7
Tilapia,7
Topside,7
Truffle,7
Venison,7
Vinegar,7
Waffles,7
Whiting,7
Winkles,7
Yoghurt,7
Almond,6
Baking,6
Banana,6
Barley,6
Bonito,6
Borage,6
Brandy,6
Burger,6
Butter,6
Daikon,6
Fennel,6
Gammon,6
Garlic,6
Ginger,6
Grapes,6
Gratin,6
Grouse,6
Haggis,6
Hogget,6
Hominy,6
Hummus,6
Jujube,6
Kabana,6
Kidney,6
Kipper,6
Kirsch,6
Lovage,6
Lychee,6
Marrow,6
Megrim,6
Millet,6
Muesli,6
Mutton,6
Nachos,6
Nettle,6
Nougat,6
Nutmeg,6
Orange,6
Oxtail,6
Oyster,6
Paella,6
Paneer,6
Papaya,6
Pastry,6
Pectin,6
Pepper,6
Pickle,6
Pigeon,6
Plaice,6
Pomelo,6
Potato,6
Quince,6
Quinoa,6
Rabbit,6
Radish,6
Rennet,6
Rocket,6
Salami,6
Salmon,6
Sauces,6
Savory,6
Sherry,6
Sorbet,6
Sorrel,6
Spices,6
Squash,6
Tahini,6
Tamari,6
Toffee,6
Tomato,6
Tongue,6
Turbot,6
Turkey,6
Turnip,6
Verjus,6
Walnut,6
Wasabi,6
Whisky,6
Zander,6
Ackee,5
Anise,5
Apple,5
Bacon,5
Bagel,5
Basil,5
Beans,5
Berry,5
Blini,5
Bread,5
Brill,5
Broth,5
Flank,5
Flour,5
Fruit,5
Fudge,5
Goose,5
Gouda,5
Grain,5
Gravy,5
Guava,5
Heart,5
Herbs,5
Honey,5
Icing,5
Jelly,5
Lager,5
Lemon,5
Liver,5
Maize,5
Mango,5
Matzo,5
Melon,5
Mince,5
Mirin,5
Morel,5
Nashi,5
Offal,5
Olive,5
Onion,5
Pasta,5
Pasty,5
Peach,5
Pecan,5
Penne,5
Perch,5
Perry,5
Pesto,5
Pizza,5
Prawn,5
Prune,5
Quail,5
Quark,5
Raita,5
Salad,5
Salsa,5
Scrag,5
Seeds,5
Skate,5
Spelt,5
Squid,5
Steak,5
Stock,5
Sugar,5
Sumac,5
Swede,5
Syrup,5
Thyme,5
Tonic,5
Tripe,5
Trout,5
Vodka,5
Whelk,5
Wraps,5
Yeast,5
Beef,4
Beer,4
Boar,4
Bran,4
Brie,4
Buns,4
Date,4
Dill,4
Duck,4
Edam,4
Feta,4
Fish,4
Game,4
Ghee,4
Hake,4
Hare,4
Hoki,4
Kale,4
Lamb,4
Lard,4
Leek,4
Lime,4
Ling,4
Mace,4
Milk,4
Mint,4
Miso,4
Nori,4
Oats,4
Okra,4
Ouzo,4
Pâté,4
Pear,4
Peas,4
Peel,4
Pike,4
Plum,4
Pork,4
Port,4
Rice,4
Rump,4
Sage,4
Salt,4
Shin,4
Sloe,4
Soda,4
Sole,4
Soup,4
Stew,4
Suet,4
Taco,4
Taro,4
Tofu,4
Veal,4
Wine,4
Zest,4
Ale,3
Dab,3
Eel,3
Egg,3
Fat,3
Fig,3
Gin,3
Ham,3
Jam,3
Jus,3
Nut,3
Oil,3
Pie,3
Rum,3
Tea,3
Yam,3
Garbanzo Beans,14
Chick Peas,10
Garlic Powder,13
Fresh Garlic,12
Garlic Powder,13
Cayenne Pepper,14
Corn,4
Cumin,5
Extra Virgin Olive Oil,22
Kosher Salt,11
Canned Corn,11
Green Onion,11
Scallions,9
Canned Tomatoes,15
Roma Tomato,11
Cherry Tomato,13
Coriander,9
Fresh Coriander,15
Cilantro,8
Sun-Dried Tomatoes,18
Crabmeat,8
Currents,8
Crab,4
Canned Crab,11
Cream Cheese,12
Chives,6
Beef Base,9
Bouillon,8
Sour Cream,10
Cheddar,7
Cheese Whiz,11
Cheeze Whiz,11
All Bran,8
Chocolate Chips,15
Confectioners Sugar,19
Chiles,6
Chipotle,8
Habanero,8
Egg Noodles,11
Ramen,5
Coleslaw,8
Italian Seasoning,17
Ranch Dressing,14
Thousand Island Dressing,24
French Dressing,15
Italian Dressing,16
Blue Cheese Dressing,20
Miracle Whip,12
Dressing,8
Hellmans,8
Cranberries,11
Cranberry Sauce,15
Cranberry Jelly,15
Cool Whip,9
Whipped Dressing,16
Capers,6
Kalamata Olives,15
Greek Olives,12
Stuffed Olives,14
Pimento,7
Slaw,4
7 Up,4
Condensed Milk,14
Shredded Cheese,15
Hershey'S,9
Apple Cider,11
Flavouring,10
Flavoring,9
Cinnamon,8
Cinnamon Stick,14
Cloves,6
Cottage Cheese,14
Curd Cheese,11
Bread Crumbs,12
Penko Crumbs,12
Panko Crumbs,12
Eggplant,8
Zucchini,8
Red Pepper,10
Green Pepper,12
Yellow Pepper,13
Iceberg Lettuce,15
Shredded Lettuce,16
Jiffy,5
Cake Mix,8
Alum,4
Chili,5
Smoke,5
Barbeque,8
Bbq,3
Sauce,5
Mix,3
Craisins,8
Chuck,5
Velveeta,8
Rib,3
Sparerib,8
Celery,6
Butt,4
Wheat,5
Dough,5
Cornstarch,10
Cheese,6
Provolone,9
Swiss,5
Stuffing Mix,12
Parmesan,8
Blueberries,11
Powdered Sugar,14
Lingonberries,13
Cardamom,8
Candied,7
Rutabagas,9
Coffee,6
Cream,5
Espresso,8
Expresso,8
Extract,7
Ground Round,12
Nuts,4
Pudding Mix,11
Applesauce,10
Crisco,6
Shortening,10
Cocoa,5
Cornmeal,8
Chocolate,9
Graham Crackers,15
Baking Soda,11
Cashew,6
Butterscotch,12
Raspberries,11
Cherries,8
Berry,5
Berries,7
Jello,5
Skor,4
Heath Bar,9
Strawberries,12
Strawberry,10
Sprinkles,9
Juice,5
Frosting,8
Jam,3
Jelly,5